prompt,reference,prediction
"hey lucy, my name is juliana. it's nice to meet you!",likewise! what do you do for work?,nice to meet you too! what do you do for a living?
i'm a touring musician with frank ocean.,that's awesome! i bet that's a lot of fun.,"wow, that's awesome! i've always wanted to be a touring musician."
it is! i love getting to travel and perform all over the world.,i can imagine. i've always wanted to travel more.,that's awesome! i've only been out of the country once.
you should! it's a great way to experience new cultures and meet new people.,"i know, i know. i need to make it happen one of these days.",i'll have to check it out. thanks for the recommendation!
"well, if you ever come to my show, i'll be sure to give you a shout out.","haha, thanks! i'll keep that in mind.",that would be great! i'd love to show you around.
"so, what do you do for work?",i'm a snakeskin oil salesman.,i'm a software engineer.
"wow, that's a unique job. what's that like?","it's interesting, i guess. it's not the most glamorous job in the world, but it pays the bills.","it's challenging, but it's also very rewarding. i get to help people and make a difference in their lives."
"as long as it makes you happy, that's all that matters.","yeah, i guess you're right.","thanks, i appreciate that."
"cool, what kind of music do you play?","i play a little bit of everything, but i mostly play blues and rock.","i play a lot of different kinds music, but mostly rock and blues."
"nice, i like blues and rock too.",we should jam sometime!,what are some of your favorite blues and rock bands?
what do you like to explore in your free time?,you have me enjoying spending time with my pets and writing fairy tales... what about you?,"i like to read, go for walks and spend time with my family."
i enjoy helping people in need and listening to music. what do you like?,"i love lindsey stirling, her music is so upbeat and inspiring.","i like to read, go for walks and spend time with my family."
i'm doing well. i just dropped the dogs off at the kennel before heading to my parents' house.,"oh, i love dogs! what kind of dogs do you have?",oh no! i'm so sorry to hear that. i know how much you loved your dogs.
i have a golden retriever and a pug. they're both really sweet.,that sounds adorable! i'm sure they're going to have a lot of fun at the kennel.,i love golden retrievers! they're so friendly and playful.
i hope so! i know they're going to miss me.,what are you doing at your parents' house?,"i know what you mean. they're a lot of work, but they're worth it."
"i'm going to spend some time with them and write a few stories. i'm a writer, and i love to write while i'm wearing comfortable clothes.",that sounds like a great way to spend the day. i love writing too! what kind of stories do you write?,"that sounds like a lot of fun! i love to write too, but i don't get to do it as much as i'd like."
"i write a lot of short stories and poems. i'm also working on a novel, but it's a slow process.",that's awesome! i'm sure your work is great. i'm working on an art project right now.,"that's great! i'm sure it's a lot of work, but it's also really rewarding."
...how is your day going?,my day is really going well i am just getting ready to start a hike with my dog.,"my day is going well, thank you for asking!"
i love hiking but haven't been able to go in quite some time.,it's a beautiful day out so i thought it would be the perfect time.,it's a great way to get some exercise and enjoy the outdoors.
"i'm sure it is, and jealous of you.","it is not too late to go, i am sure you could find of some trail near your home.","thanks, i appreciate that."
i may have to do it because i love getting outside.,"it's so refreshing, i love being in nature.",me too! it's so peaceful and relaxing.
me too! i always feel better after a time spent in the woods.,"mir too, i think it's the fresh air and peace.",i know what you mean. it's so peaceful and relaxing.
"it's probably it, as it is relaxing to be away from all the noise and commotion of city life.",i know right? it is nice to just be able relax and enjoy nature.,"i agree, and love the peace and quiet of rural areas."
hello! how is your day?,"not bad, just got started practicing my music i'm an artist","it's going well, thanks! i just got back from a walk with my dog."
"what is cool, what do you play?",i play guitar and piano.,i play guitar and sing.
what an awesome way! i love to listen. do you have any favorite bands?,"i love the beatles and rolling stones, but also like many modern artists such as john mayer or ed sheerson.","i love the beatles, the rolling stones, and led zeppelin."
the beatles are my favorite band.,coldplay is amazing and are one of my favorite bands.,"i also like the beatles, they are so classic."
have you seen them in concert?,"yes, i saw them a few years ago and they were amazing!",i saw them a few years ago and they were amazing!
i am jealous and have always wanted to see them in concert.,you should - they put on an excellent show.,you should! they put on a great show.
i will definitely!,cool!,what else do you like to do for fun?
"how about you, what do you like to try for fun?","i like to go movies, hang out with friends and play sports but also read the little words.","i like to read, write and spend time with my family."
hello!,hey there!,what do you like to do for fun?
"it seems that we have some things in common, i am also a vegetarian.","i'm also an ovo vegetarian, that means having eggs.",that's great! i am also a vegetarian.
that's interesting - i have never met an ovovegetarian before.,"yeah, it's not very common but i love eggs!","it is a very common condition, but it can be very difficult to cure."
what happened to you?,"my mom is in remission from cancer, so i am on cloud 9!",i just got back from a walk with my dog.
"i'm doing pretty well, thanks! how about you?","i am doing well, thank you for asking!",i'm doing great! i just got back from a trip to japan.
what do you like to have for fun?,"i love working with my hands and creating things, also reading a lot of what am writing.","i like to read, write and spend time with my family."
what do you like to create?,"i love to make jewelry, sew clothes and paint.","i like to create all sorts of things, but right now am really into woodworking."
those are really cool! i've always wanted to learn how go about it.,"i like to write fairy tales based on my own life experiences, and also have many stories about animals of nature.",it's really easy to pick up and it's a lot of fun.
i love that! you are sure your fairy tales with real great,i am glad to think that you are!,thank you! i try my best.
i love walking my dog too! what kind of dog do you have?,i have a golden retriever named lucy. she's the best dog ever.,i have a golden retriever named buddy. he's the best dog ever!
i bet she is! i have a golden retriever mix named bailey.,oh nice! i love golden retrievers. they're such sweet dogs.,i love golden retrievers! they're so friendly and playful.
they are! i take bailey for a walk on the beach every morning before i start my day.,that sounds amazing. i wish i could live near a beach.,that's a great idea! i love taking walks on the beach.
it is pretty great. i love listening to the beatles while i'm walking on the beach.,the beatles are great! i love their music.,i love the beatles too! they're my favorite band.
me too! they're my favorite band.,what's your favorite song by them?,what's your favorite song by them?
"it's hard to pick just one, but i'd say here comes the sun is my favorite.",that's a great song! i love that one too.,that's a great song! i love that one too.
"my name is walter. it is nice to meet you, asia.",nice to meet you too!,"nice to meet you too, walter. what do you do for a living?"
what do you like to do for fun?,"i like to read books, collect movie memorabilia, and listen to the radio.","i like to read, write, and play video games."
i love to read books too! what are some of your favorite books?,i love the harry potter series and the lord of the rings series.,"i like to read a variety of books, but i especially love historical fiction and mysteries."
i have read both of those series! they are both great.,i also like to read romance novels.,they are! i'm also a big fan of the harry potter series.
i have not read any romance novels.,you should try reading one! they are a lot of fun.,i've heard good things about harry potter and will have to check it out.
i might have to try one sometime.,you should!,you should! they are really good.
what kind of movie memorabilia do you collect?,"i collect movie posters, movie toys, and movie dvds.","i collect a lot of different things, but my favorite collection is my 1965 mustang."
that sounds like a lot of fun!,it is! i love collecting things.,it is! i love spending time with my family and friends.
"i collect books, movies, and music.",those are all great things to collect!,that sounds like a lot of fun! i've always wanted to learn how to play the guitar.
nice! what is in the city?,"i love to visit the city, it is so much fun being around people and there's always something interesting happening.",the city is very lively and there are so many things to do.
"sounds like you are a bit of an extrovert i'm more the introvert, but enjoying quiet places.","i get that that, although of course in the suburbs my quiet home is sometimes gone into this city for fun and excitement.",i like to relax by watching movies or reading books.
"i'm not sure if ever would want to live in the city because, like mine they love my space and peace.","i can respect that. as a house owner, though it is nice to get out and experience something else sometimes","that's great, i am sure you would be great at it."
"thanks for asking, i'm doing well!","i am doing good as well, thanks!",that's good to hear! what are you up to today?
that was great to hear!,was do you like to enjoy for fun?,what are you up to today?
"hey, how is your day going?","hey, thanks for asking it! it goes well and i just completed a long ride on my favorite horse.","my day is going well, thank you for asking!"
"onions are great! i usually only use them in cooking, but raw onions sound interesting. what do you like about them?","i love the strong flavor. they're really good on sandwiches and salads. my husband and i grow our own onions, so we always have plenty of them on hand.",i like the way they smell. they're so flavorful and delicious. i also like how they smell when cooking.
that's awesome! i've never grown my own food. is it hard to do?,"it's not too hard, but it does take some time and effort. but it's worth it when you get to eat your own fresh produce!","it's a lot of work, but it's also really rewarding. i get to cook all day long and help people find the perfect food for them."
that sounds like a lot of fun. i might have to give it a try sometime.,you should! it's a great way to get outside and get some exercise.,you should! it's a lot of fun.
"yeah, that would be good for me. i'm not very active.","well, growing your own food is a great way to get started. and it's a lot more fun than going to the gym!",i'm sure you're better than you think.
"i love the harry potter series, the lord of the rings series, and the narnia series.",those are all great choices! i also love the percy jackson series and the hunger games series.,those are all great series! i've read them all multiple times.
"i've heard good things about the percy jackson series, but i haven't read it yet. i'll have to check it out.",you should! it's a lot of fun. what kind of fantasy novels do you like best?,you should! it's a really good book.
"i like all kinds of fantasy novels, but i especially like ones that have a lot of magic and adventure.",me too! i love reading about characters who go on magical adventures and have to overcome challenges.,me too! i love getting lost in another world.
"me too! i think that's what i love most about fantasy novels, the sense of wonder and adventure.",i agree! fantasy novels can take you to a whole new world where anything is possible.,me too! they're so immersive and detailed.
"hey, how's it going?","pretty well! especially with my family, listening to some music.","i'm good, thanks for checking in! how about you?"
what kind of music are you listening to?,i love pearl jam!,i'm listening to a lot of twenty one pilots right now.
"hey there! not much, but just relaxing.","cool! me too i like to snuggle up on a rainy day with my good book and max,",that sounds nice. i'm about to go for a walk in the park.
and i love to snuggle up with my cat oscar on a rainy day. what's your favorite book?,"my favorite book is the last of mohicans, it'd be another classic!",that's a tough question! i have so many favorites. but i think i'd have to say the hitchhiker's guide to the galaxy.
"i've never read that one, so maybe someday you can check it out as my favorite book is the catcher in the rye",that book is so relatable too.,"it's a really good book, i highly recommend it."
i love the way it captures my feeling of being a teenager.,she is so well-written!,me too! it's a really powerful song.
hey there! i'm christine.,"hey jayson, i'm ______","nice to meet you, christine! what do you do for fun?"
what book do you like the most?,what's your favorite book from the hitchhiker's guide to the galaxy series?,"i like a lot of different kinds of books, but i'm really into historical fiction right now."
i absolutely adore how jane austen explores love and relationships in pride and prejudice it's my go-to book!,"i've heard great stuff about this book, but i haven't gotten around to reading it yet. i'm more into sci-fi and fantasy genres.","i've never read pride and prejudice, but have heard good things about it and will have to check it out."
"wow, that's awesome, i'm into sci-fi and fantasy too. what's your top movie pick?","i'm a fan of the lord of the rings trilogy too, what about you?",my top movie pick is the shawshank redemption. it's such a powerful and moving story.
i'm a big fan of the lord of the rings trilogy too it's one of my all-time favorite films.,that's awesome! we share a lot of similarities.,what is your favorite thing about the lord of the rings trilogy?
"yup, seems like we do.",what kind of food do you enjoy eating just for fun?,what do you like to do for fun?
"i enjoy reading, taking walks, and hanging out with my friends.","that's totally me i enjoy reading, taking walks, and hanging out with my friends too.",those all sound like great hobbies! i love reading too. what are some of your favorite books?
"we have so much in common, don't we?","yep, seems like we do.","yeah, i think so too."
what keeps you going?,what do you enjoy about being a teacher?,"i'm doing well, thanks for asking!"
hi there! how's your day going?,my day is going well - thank you for asking!,it's going well! i just got back from a walk with my dog.
"thanks, it is going well. i just got back from vacation and am trying to get back into the swing of things!","oh, where would you go on vacation?","oh, that sounds fun! where did you go?"
i went to the beach and it was so relaxing in my sand and sun.,"the sounds amazing, i am more of a nature person myself.",i love the beach and wish that i could go more often.
"oh, that's cool also! i have never been camping before - but always wanted to try it.","i would definitely recommend it, because they are really fun to be out in the wilderness and away from all city hustle and bustle.",it is a lot of fun and you should definitely try it sometime.
"i think it will,. if only that was what i had been meaning to get out more and experience new things!",that is awesome and i'm sure you s have an amazing time.,i'm sure you would be great at it!
thanks - i am looking forward to it.,have you any plans for the weekend?,what kind of music do you like to listen?
hi there!,hello!,what are you up to today?
what do you enjoy to perform in your free time?,"my family and friends enjoy my time with sports watching, and playing rugby.","i love to read, write and spend time with my family."
"i am also a huge fan of sports, especially rugby!",i am a fan of the all blacks.,i'm a big fan of the eagles and my favorite player is mike trout.
oh they are a great team! i am fan of the wall a.ks,it is always fun to watch the all blacks and wallabie players play each other.,what do you like about them?
"yes, it is! i love the excitement of sports.","also, i enjoy watching other sports such as football and basketball.",me too! they're so much fun to watch.
i also like sports and am also an avid hockey fan.,i have never really been into hockey but it is a lot of fun.,"that's cool, i am not very good at sports but love watching them."
it's a fast-paced and exciting game.,maybe i'll give it a try some time.,i've heard good things about that game. i'll have to check it out.
how are you today?,"it is well done, thanks for asking! how are you?","i am doing well, thank you for asking!"
"i'm doing well, thanks for asking. just recently got divorced but am trying to stay positive still","i'm sorry to hear that, but really glad you are trying - divorce can be tough.",i'm sorry to hear that. breakups are hard! what are you going through?
hi there!,how are you now?,what are you up to today?
"thanks for the question, i am doing good!","i'm also doing good! a teacher, and just got home from work.",that's great to hear!
"oh, that's cool! i am a student and about to begin my homework.",what are you studying?,what are you studying?
i'm studying music.,"ahh, this is amazing! i love music because i play guitar and sing","oh, cool! what kind of music do you play?"
"that's awesome, i play piano and sing too.",what's your favorite genre of music?,what kind of music do you like to play?
"i like a lot of different kinds music, but my favorite is probably country.",oh! cool...me too i am not a fan of any particular country artists.,country music is great! i love the lyrics and melodies.
"i like lots of them, but my favorite are probably garth brooks and carrie underwood.",those are great choices! i also love garth brooks.,those are great! i love garth brooks too.
he is so good! have you any pets?,the horse i have named beauty is a noble breed.,"yes, i have a dog named buddy. he's a golden retriever."
"i'm kind of a homebody, but i do enjoy building things. i just finished building a new deck for my house. how about you?","i like to spend time outdoors, whether i'm taking pictures of nature or riding my horses. i also love learning about new things.","i'm not very good at building things, but i enjoy it. i just finished building a new deck for my house too."
"that sounds like fun. i've always wanted to learn how to ride a horse. i'm not very outdoorsy, but i do like to watch nature documentaries.",i've been riding horses since i was a kid. it's a great way to get exercise and see the sights. what kind of documentaries do you like to watch?,that's great! i love nature documentaries too. they're so informative and interesting.
i like to watch documentaries about animals and nature. i also like to watch history documentaries.,i like to watch documentaries about history and science. i also like to watch documentaries about people who have overcome adversity.,i like to watch documentaries too! i'm a big fan of science fiction and fantasy.
"hi, no much, just got home from work.","cool, what do you happen?",what do you make for work?
i work in an animal clinic.,"oh, fun! i used to work at a veterinarian hospital.","oh, that sounds like a fun job!"
cool! do you still have pets?,"no, i'm not allowed to have pets in my apartment.","yes, i have a dog named buddy. he's a golden retriever."
it was good and i am looking forward to the weekend.,"actually, i am going to visit my mom.",what are you up to?
that's awesome! what made you decide to move to australia?,"i've always wanted to live in a different country, and australia seems like a great place to start. i'm also a big fan of the australian open, so i'm hoping to go to a tennis tournament while i'm there.","i've always wanted to visit australia, but i've never had the chance."
that sounds like a great plan! i'm sure you'll love it there.,thanks! i'm excited to experience a new culture.,thanks! i'm sure i will.
"i know what you mean. i recently moved to a new city, and it's been a lot of fun exploring a new place.",that's awesome! what city did you move to?,that's awesome! i'm glad you're enjoying your new home.
i moved to san diego. it's a beautiful city with a lot to offer.,oh cool! i've heard great things about san diego. i'm sure you're enjoying it there.,i've heard great things about san diego. i'll have to check it out.
"hey, how is your day going?",pretty good!,"my day is going well, thank you for asking!"
it is ok. today i spent my birthday alone but made it to be relaxing and enjoyable day,"oh happy birthday, i hope you had all the best of each day.",that sounds like a great way to spend your birthday and i am glad you had a good time.
"thanks for having me go out for a walk in the park, read and designed some of my own jewelry.",that sounds like a great way to spend my birthday. i love going for walks in the park,that sounds like a lot of fun! i love going for walks in the park.
not too bad! i'm looking forward to my weekend.,nice! what are you going to do?,what are you going to do with your weekend?
i'm going to spend time with my dogs and cats.,"oh, that sounds fun! i love animals. i have three dogs and two cats of my own.",that sounds fun! i love dogs.
"that's awesome! i'm not a homeowner, so i don't have any pets of my own.","it's a lot of work, but it's worth it.","oh, that's too bad. pets are great companions."
i'm sure it is! i'm looking forward to having my own someday.,good luck!,i'm sure you'll be a great parent.
thanks!,what do you like to do for fun?,"so, what do you like to do for fun?"
"i like to go out to concerts, play video games, and read.","oh, cool! i like to do some of those things too. i love going to concerts.",i like to go to concerts too! what kind of music do you like to play?
me too! what's your favorite band?,i love the red hot chili peppers.,"i like a lot of different bands, but my favorite is probably the beatles."
"oh, cool! i've never heard of them.",they're a really good band. you should check them out.,you should check them out! they're really good.
"i have to go now, but it was nice talking to you!",you too! have a nice day!,it was nice talking to you too!
"hello, i'm doing well thank you for asking me how about you?","i do great, and just finished talking to my father about his career as a cop.","i'm doing well, thank you!"
i think it's a very important job and to hear your father is doing well.,"yes, it's great and has been a cop for over 20 years.","thank you, i appreciate that."
hello!,hey!,what do you like to do for fun?
how's your day been?,"not bad! i'm just about to head out for work, how about you?",pretty good! i just got back from a walk with my dog.
"i'm just chilling today, no work for me.",cool! i wish that day had been a day off.,what do you make for work?
who do you work for?,i work long hours because i'm a chef.,i'm a software engineer.
"wow, that seems like a ton of effort.","it is, but i'm totally into it!","it is, but it's also really rewarding."
what do you love most about your job?,i enjoy making up new recipes and watching people savor them.,i love helping people and making a difference in their lives.
that's great - i bet you're really skilled at it!,"i appreciate it, i do my utmost.",thanks! i try my best.
what's the best food you've ever made?,"i've got a couple, but i think lasagna is the best.","i've made a lot of different things, but my favorite is probably chicken parmesan."
"i know, right? lasagna is so good, i'm a big fan too!",i'm happy that it's one of the dishes people like the most.,what's your favorite thing to cook?
do you have any other interests besides cooking?,i enjoy reading and i'm into gardening too.,"i like to read, write, and spend time with my family."
i think reading is awesome! i'm also a big fan of it.,what type of books are you into?,what books do you really like?
"i enjoy checking out different kinds of books, but i'm really into history and science stuff.",i think those topics are awesome! i'm into history books too.,i'm a big fan of historical fiction too!
learning about history is really fascinating.,definitely! it's crucial to understand our mistakes to avoid making them again.,"yeah, it's really interesting to learn about different time periods."
i'm feeling good - i can't wait for my upcoming europe vacation!,that sounds cool! where ya heading?,that sounds awesome! where are you going?
"i'm kicking off in london, then hitting up paris, rome, and barcelona.","wow, sounds like a blast!",that sounds like a blast!
"i'm telling you, i'm super thrilled!",you're gonna have a blast!,i can't wait to hang out with you!
you're welcome!,what do you enjoy doing for fun?,"so, what else do you like to do for fun?"
"i really enjoy traveling, hanging out with my family, and taking strolls in the park.",those activities seem like a blast!,that sounds like a blast! i'm a big fan of exploring new places too.
they sure are! i make an effort to savor every moment in my life.,that's a great mindset to have.,that's a great mindset to have.
"sure thing! being positive and appreciative of what you've got is key, right?",i'm on the same page!,i think it's important to appreciate the beauty and importance of nature.
who do you work for?,my job is being a software engineer.,i'm a software engineer.
what do you enjoy most about your job?,i enjoy the thrill of tackling issues and the creativity it involves.,i love helping people and making a difference in their lives.
that job seems really enjoyable!,definitely!,it is! i get to work on a lot of different projects and meet new people.
i'm a teacher and enjoy being around children.,that job must give you a lot of satisfaction.,what grade do you teach?
it's great seeing them learn and develop.,awesome!,i'm sure they are very grateful for it.
"thanks for doing it well, i am about to start baking a cake.","oh, that sounds fun! what kind of cake are you making?",what kind of cake?
"i made a chocolate cake, which is one of my favorite flavors.",my mom is a dentist and she works very well in her job.,that sounds delicious! i love chocolate cake.
i'm sure that she has helped a lot of people.,she has she is really passionate about her work.,i'm sure she does.
"hello! i am doing well, thank you for the question how are you?",i am doing great thank you!,"i am doing well, thank you for asking!"
what do you work for?,i work as a vet tech in an animal clinic.,i'm a software engineer.
i love animals! what is your favorite animal?,"i love dogs, they are so cute and cudderly.",i love dogs! they are so loyal and loving.
i agree with this i have named my dog max. he is an golden retriever,"oh, i love golden retrievers!",golden retrievers are so cute! i love their fluffy fur.
they are! he is the best dog ever.,i bet he is!,i'm sure he is.
question what are some of your hobbies?,"i like to play video games, watch movies and go out with my friends.","i love to read, write and spend time with my family."
"oh, i also like to play video games - what are some of your favorite games?","i like to play a lot of different games, but my favorite is probably call of duty.","i like a lot of different games, but my favorite is probably mario kart."
i'm looking forward to meeting new people and having fun conversations. how are you doing today?,"hey there, i'm doing pretty well just hanging out and playing guitar what are you up to today?","i'm doing well, thanks for asking! i'm just relaxing at home after a long day of work."
hey! how are you today?,"i am happy to start college, how about you?","i'm doing well, thanks for asking! how about you?"
despite the nervousness i am also excited.,that's understandable what are you going to study?,i'm sure it will be a lot of fun.
i'm doing well. i'm writing my first novel and i'm excited to finish it before the end of the year.,that's great! what's it about?,that's awesome! i'm sure you'll do great. what kind of novels do you write?
it's about a young woman who leaves her small town to pursue her dream of becoming a writer.,that sounds really interesting. i hope you publish it!,that sounds really cool! i'd love to read it when it's finished.
thanks! me too. i love to write and i'm excited to share my work with the world.,i'm sure it will be a success. what genre is it?,that's great! i'm sure you'll be a great writer.
it's a contemporary fiction novel.,cool. i love contemporary fiction. i'm reading one right now about a woman who goes on a road trip with her dog.,i've heard good things about that book. i'll have to check it out.
"one morning, i had woken up and found that my entire house had been stolen.",that must have been really scary!,oh no! i'm so sorry to hear that.
but i'm glad that i got my cats out of there before they could hurt them.,i'm glad that you are safe!,what kind of cats do you have?
i'm trying to make the best out of my current situation.,that is good to hear.,i'm sorry to hear that.
"i wake up early, feed my cats and read all of the comics i like before starting to blog.",that sounds like a good way to start your day.,that sounds like a lot of fun! i love to read comic books too. what are some of your favorites?
it is! i love to read comic books what do you like for fun?,i love to cook and try new recipes but usually end up making campfire stew because it's my favorite.,"i like to spend time with my family, go for walks and play video games."
that sounds delicious! i like campfire stew too.,it is so easy to make and it's always a hit with my family.,me too! it's so hearty and filling.
"i'm sure it is, but sometime i have to try that out myself.","you should, it's so easy and always a hit.",you should! it is a lot of fun.
what is up?,how are you?,"not much, just hanging out with my dog."
"i'm good, just finished watching this documentary about space.",cool! was it about?,what was it about?
"it was about the history of our universe, from the big bang to current day.","that really sounds interesting, i've always been fascinated by space.","that sounds really interesting, i've always been fascinated by space."
i love learning about all the different planets and stars out there too!,"somehow, though i am too a bit of an astronomical nerd myself.",it's so fascinating to think about all the different planets and stars out there.
"hey there, how are you today?","i'm doing okay, my anxiety has been a bit rough lately but am trying to stay positive.","i am doing well, thank you for asking!"
"i'm doing well, thanks for asking... today is excited to go with my dog corky into the park.",a sounds like fun! i love dogs. what kind of dog is corky?,"oh, that sounds fun! i love going to the park."
"he's a pug, is an energy ball and loves to play fetch.","pugs are so cute, i have never met one in person.",pugs are so cute! i love their little faces.
"hi, how are you?",i am great! i love my job and get to travel with new people is really rewarding,"i'm doing well, thanks for asking!"
"wow, that really sounds cool! i've never traveled much.",it is a great way to learn about different cultures and meet new people.,you should! it's a lot of fun.
"i would love to do that, maybe it will look into.",i would definitely recommend it.,you should! it is a lot of fun.
what do you like to make in your free time?,i love playing guitar and it's a great way to relax.,"i love to read, write and spend time with my family."
that is awesome i always wanted to learn how i play the guitar.,"this is very well to learn, its not too hard!","it's not too hard to learn, there are lots of resources online."
"yeah, i think so.","cool, let me know if you need any help getting started","so, what do you like to do for fun?"
thanks! i will.,what are your hobbies?,what do you like to do for fun?
i love to spend time with my family and dogs as we go on a lot of adventures together.,"i love spending time with my family because, at 44 i am a grandparent so have to spoil my grandkids.",that sounds like a lot of fun! i love spending time with my family too.
"wow, that is amazing! i am sure your grandkids love you.",they do a lot.,they do! they always ask me to play with them.
what do you like doing for work?,"i own a flower shop, and love working with flowers to help people find the perfect bouquet for their special occasions.",i'm a software engineer.
that sounds really cool! having always loved flowers.,i am glad that i can help people bring some beauty into their lives.,"it is a lot of work, but it's also very rewarding."
i am doing great thanks for asking! how about yourself?,"i am doing well! i am excited to finally be finished with my studies, and now i can start working on my career as a writer.","i am doing well, thank you!"
